{
  "dir-420": [
    22.27749444,
    114.16639167
  ],
  "dir-413": [
    22.2912,
    113.9423
  ],
  "dir-061": [
    25.03547222,
    121.56252778
  ],
  "dir-017": [
    22.29530556,
    114.16888889
  ],
  "dir-402": [
    22.27781,
    114.16549
  ],
  "dir-041": [
    22.297198,
    114.177361
  ],
  "dir-422": [
    22.281357,
    114.161908
  ],
  "dir-416": [
    22.29347222,
    114.17394444
  ],
  "dir-014": [
    22.27924,
    114.18683
  ],
  "dir-002": [
    25.07733333,
    121.52578333
  ],
  "dir-408": [
    22.26148611,
    114.12972778
  ],
  "dir-028": [
    32.04328056,
    118.79231667
  ],
  "dir-004": [
    22.321056,
    114.165158
  ],
  "dir-395": [
    22.37187,
    113.98911
  ],
  "dir-411": [
    22.2977,
    114.1746
  ],
  "dir-070": [
    22.2977,
    114.1746
  ],
  "dir-003": [
    22.27900833,
    114.17670278
  ],
  "dir-029": [
    22.27900833,
    114.17670278
  ],
  "dir-074": [
    22.32916667,
    114.16027778
  ],
  "dir-065": [
    40.76222222,
    -73.97138889
  ],
  "dir-031": [
    25.07733333,
    121.52578333
  ],
  "dir-067": [
    22.3756954,
    113.9646265
  ],
  "dir-062": [
    22.27900833,
    114.17670278
  ],
  "dir-060": [
    22.23694444,
    114.16555556
  ],
  "dir-089": [
    22.29530556,
    114.16888889
  ],
  "dir-403": [
    22.297198,
    114.177361
  ],
  "dir-394": [
    22.3081,
    114.1718
  ],
  "dir-404": [
    22.28118,
    114.15844
  ],
  "dir-047": [
    22.29905833,
    114.17934722
  ],
  "dir-119": [
    22.282,
    114.1576
  ],
  "dir-102": [
    22.2947,
    114.17580556
  ],
  "dir-015": [
    22.2996468,
    114.1754107
  ],
  "dir-053": [
    22.2912,
    113.9423
  ],
  "dir-058": [
    22.30361111,
    114.165
  ],
  "dir-046": [
    22.2912,
    113.9423
  ],
  "dir-425": [
    22.28230556,
    114.18411111
  ],
  "dir-421": [
    22.27978,
    114.1605
  ],
  "dir-072": [
    22.210556,
    114.028889
  ],
  "dir-417": [
    22.3795,
    114.1885
  ],
  "dir-410": [
    22.30027778,
    114.17222222
  ],
  "dir-098": [
    22.307545,
    114.01447
  ],
  "dir-052": [
    22.282075,
    114.159284
  ],
  "dir-391": [
    22.330552,
    114.176723
  ],
  "dir-019": [
    25.07733333,
    121.52578333
  ],
  "dir-419": [
    22.28015556,
    114.174825
  ],
  "dir-013": [
    22.282075,
    114.159284
  ],
  "dir-107": [
    22.2947,
    114.17580556
  ],
  "dir-407": [
    22.333889,
    114.163611
  ],
  "dir-088": [
    25.03547222,
    121.56252778
  ],
  "dir-049": [
    22.37187,
    113.98911
  ],
  "dir-423": [
    22.27722222,
    114.16416667
  ],
  "dir-116": [
    31.2325,
    121.46916667
  ],
  "dir-426": [
    22.28118,
    114.15844
  ],
  "dir-027": [
    40.0021,
    116.3004
  ],
  "dir-076": [
    22.38333333,
    113.97277778
  ],
  "dir-399": [
    22.29905833,
    114.17934722
  ],
  "dir-418": [
    22.323,
    114.1719
  ],
  "dir-056": [
    22.3129,
    114.1707
  ],
  "dir-412": [
    22.27900833,
    114.17670278
  ],
  "dir-055": [
    22.27900833,
    114.17670278
  ],
  "dir-051": [
    22.29530556,
    114.16888889
  ],
  "dir-008": [
    22.277852,
    114.170562
  ],
  "dir-006": [
    22.3081,
    114.1718
  ],
  "dir-392": [
    22.30295,
    114.16943
  ],
  "dir-048": [
    22.30783889,
    114.25956944
  ],
  "dir-414": [
    22.30723889,
    114.17205556
  ],
  "dir-424": [
    22.27087,
    114.1499
  ],
  "dir-033": [
    25.063,
    121.5299
  ],
  "dir-398": [
    22.41195,
    114.21133
  ]
}